{"cameraMode":{"drawMode":0,"name":"Shaded","section":"Shading Mode"},"sceneLighting":true,"audioPlay":false,"sceneViewState":{"m_AlwaysRefresh":false,"showFog":true,"showSkybox":true,"showFlares":true,"showImageEffects":true,"showParticleSystems":true,"showVisualEffectGraphs":true,"m_FxEnabled":true},"in2DMode":false,"pivot":{"x":4.2708868980407719,"y":2.3248260021209719,"z":4.138957977294922},"rotation":{"x":0.21004728972911836,"y":0.2007325291633606,"z":-0.04411304369568825,"w":0.9558566212654114},"size":5.547153949737549,"orthographic":false}