{"cameraMode":{"drawMode":0,"name":"Shaded","section":"Shading Mode"},"sceneLighting":true,"audioPlay":false,"sceneViewState":{"m_AlwaysRefresh":false,"showFog":true,"showSkybox":true,"showFlares":true,"showImageEffects":true,"showParticleSystems":true,"showVisualEffectGraphs":true,"m_FxEnabled":true},"in2DMode":false,"pivot":{"x":-54.70711898803711,"y":-20.019371032714845,"z":41.238529205322269},"rotation":{"x":-0.13476750254631043,"y":0.44516414403915408,"z":-0.06796278804540634,"w":-0.8826665282249451},"size":37.12525177001953,"orthographic":false}