{"cameraMode":{"drawMode":0,"name":"Shaded","section":"Shading Mode"},"sceneLighting":true,"audioPlay":false,"sceneViewState":{"m_AlwaysRefresh":false,"showFog":true,"showSkybox":true,"showFlares":true,"showImageEffects":true,"showParticleSystems":true,"showVisualEffectGraphs":true,"m_FxEnabled":true},"in2DMode":false,"pivot":{"x":-0.400869756937027,"y":-125.18468475341797,"z":94.06908416748047},"rotation":{"x":0.44633162021636965,"y":-0.0028736144304275514,"z":0.0019235166255384684,"w":0.8949885964393616},"size":91.60840606689453,"orthographic":false}