{"cameraMode":{"drawMode":0,"name":"Shaded","section":"Shading Mode"},"sceneLighting":true,"audioPlay":false,"sceneViewState":{"m_AlwaysRefresh":false,"showFog":true,"showSkybox":true,"showFlares":true,"showImageEffects":true,"showParticleSystems":true,"showVisualEffectGraphs":true,"m_FxEnabled":true},"in2DMode":false,"pivot":{"x":-1.3938815593719483,"y":-127.21930694580078,"z":118.45376586914063},"rotation":{"x":0.3987448513507843,"y":-0.005728761199861765,"z":0.00297663570381701,"w":0.9171665906906128},"size":88.34123229980469,"orthographic":false}